
-- phpMyAdmin SQL Dump
-- version 5.0.2
-- https://www.phpmyadmin.net/
--
-- Servidor: 127.0.0.1:3306
-- Tiempo de generación: 06-06-2021 a las 22:16:08
-- Versión del servidor: 5.7.31
-- Versión de PHP: 7.3.21

SET SQL_MODE = "NO_AUTO_VALUE_ON_ZERO";
START TRANSACTION;
SET time_zone = "+01:00";


/*!40101 SET NAMES utf8mb4 */

-- --------------------------------------------------------


--
-- Estructura de tabla para la tabla `usuario`
--

DROP TABLE IF EXISTS `usuario`;
CREATE TABLE IF NOT EXISTS `usuario` (
  `id_usuario` varchar(80) COLLATE utf8mb4_spanish_ci NOT NULL,
  `nombre` varchar(80) COLLATE utf8mb4_spanish_ci NOT NULL,
  `apellidos` varchar(80) COLLATE utf8mb4_spanish_ci NOT NULL,
  `email` varchar(160) COLLATE utf8mb4_spanish_ci NOT NULL,
  `pass` varchar(256) COLLATE utf8mb4_spanish_ci NOT NULL,
  `fecha_alta` date NOT NULL,
  `fecha_baja` date DEFAULT NULL,
  `rol` enum('cliente','empleado','admin') COLLATE utf8mb4_spanish_ci NOT NULL,
  PRIMARY KEY (`id_usuario`),
  UNIQUE KEY `email` (`email`)
) ENGINE=InnoDB DEFAULT CHARSET=utf8mb4 COLLATE=utf8mb4_spanish_ci;

--
-- Volcado de datos para la tabla `usuario`
--

INSERT INTO `usuario` (`id_usuario`, `nombre`, `apellidos`, `email`, `pass`, `fecha_alta`, `fecha_baja`, `rol`) VALUES
('B7ZOJEpKsu0PO', 'Shanks', 'Akagami', 'akagami.no@gmail.com', 'admin123', '2021-01-05', NULL, 'admin'),
('fBhKyRjW', 'Sanji', 'Visnmoke', 'kuroassssshi@gmail.com', 'admin123', '2019-03-11', '2021-04-06', 'cliente');

-- --------------------------------------------------------

--
-- Estructura de tabla para la tabla `tipo_habitacion`
--

DROP TABLE IF EXISTS `tipo_habitacion`;
CREATE TABLE IF NOT EXISTS `tipo_habitacion` (
  `tipo_Hab` varchar(80) COLLATE utf8mb4_spanish_ci NOT NULL,
  `precio_noche` float NOT NULL,
  `cantidad` int(11) NOT NULL,
  PRIMARY KEY (`tipo_Hab`)
) ENGINE=InnoDB DEFAULT CHARSET=utf8mb4 COLLATE=utf8mb4_spanish_ci;

--
-- Volcado de datos para la tabla `tipo_habitacion`
--

INSERT INTO `tipo_habitacion` (`tipo_Hab`, `precio_noche`, `cantidad`) VALUES
('Grande', 65.99, 8),
('Mediano', 49.99, 4),
('Pequeño', 23.99, 2);

-- --------------------------------------------------------

--
-- Estructura de tabla para la tabla `tipo_servicio`
--

DROP TABLE IF EXISTS `tipo_servicio`;
CREATE TABLE IF NOT EXISTS `tipo_servicio` (
  `tipo` varchar(80) COLLATE utf8mb4_spanish_ci NOT NULL,
  `precio_noche` double NOT NULL,
  PRIMARY KEY (`tipo`)
) ENGINE=InnoDB DEFAULT CHARSET=utf8mb4 COLLATE=utf8mb4_spanish_ci;

--
-- Volcado de datos para la tabla `tipo_servicio`
--

INSERT INTO `tipo_servicio` (`tipo`, `precio_noche`) VALUES
('normal', 9.99),
('supervip', 20.99),
('vip', 10.99);

-- --------------------------------------------------------

--
-- Estructura de tabla para la tabla `habitacion`
--

DROP TABLE IF EXISTS `habitacion`;
CREATE TABLE IF NOT EXISTS `habitacion` (
  `id_hab` varchar(80) COLLATE utf8mb4_spanish_ci NOT NULL,
  `tipo_Hab` varchar(80) COLLATE utf8mb4_spanish_ci NOT NULL,
  PRIMARY KEY (`id_hab`),
  KEY `FK_HabitacionTipoHab` (`tipo_Hab`)
) ENGINE=InnoDB DEFAULT CHARSET=utf8mb4 COLLATE=utf8mb4_spanish_ci;

--
-- Volcado de datos para la tabla `habitacion`
--

INSERT INTO `habitacion` (`id_hab`, `tipo_Hab`) VALUES
('hab_110', 'Grande'),
('hab_111', 'Grande'),
('hab_120', 'Mediano'),
('hab_121', 'Mediano'),
('hab_130', 'Pequeño'),
('hab_131', 'Pequeño');

-- --------------------------------------------------------

--
-- Estructura de tabla para la tabla `mascota`
--

DROP TABLE IF EXISTS `mascota`;
CREATE TABLE IF NOT EXISTS `mascota` (
  `id_mascota` varchar(80) COLLATE utf8mb4_spanish_ci NOT NULL,
  `nombre` varchar(80) COLLATE utf8mb4_spanish_ci NOT NULL,
  `tipo` enum('gato','perro') COLLATE utf8mb4_spanish_ci NOT NULL,
  `raza` varchar(80) COLLATE utf8mb4_spanish_ci NOT NULL,
  `descripcion` varchar(250) COLLATE utf8mb4_spanish_ci NOT NULL,
  `fecha_baja` date DEFAULT NULL,
  `id_usuario` varchar(80) COLLATE utf8mb4_spanish_ci NOT NULL,
  PRIMARY KEY (`id_mascota`),
  KEY `FK_MascotaUsuario` (`id_usuario`)
) ENGINE=InnoDB DEFAULT CHARSET=utf8mb4 COLLATE=utf8mb4_spanish_ci;

--
-- Volcado de datos para la tabla `mascota`
--

INSERT INTO `mascota` (`id_mascota`, `nombre`, `tipo`, `raza`, `descripcion`, `id_usuario`) VALUES
('mas_001', 'Peludo', 'perro', 'Mástil Tibetano', 'Un perro muy grande color marrón y gran pelaje', 'B7ZOJEpKsu0PO'),
('mas_002', 'Peludor', 'gato', 'Mástil Tibetano', 'Gato grande gris', 'B7ZOJEpKsu0PO'),
('mas_003', 'Poll', 'gato', 'Savana', 'gato blanco', 'B7ZOJEpKsu0PO'),
('mas_004', 'Cat3', 'gato', 'Savana', 'gato blanco', 'B7ZOJEpKsu0PO'),
('mas_005', 'Cat4', 'gato', 'Savana', 'gato blanco', 'B7ZOJEpKsu0PO'),
('mas_006', 'Cat6', 'gato', 'Savana', 'gato blanco', 'B7ZOJEpKsu0PO'),
('mas_007', 'Cat7', 'gato', 'Savana', 'gato blanco', 'B7ZOJEpKsu0PO'),
('mas_008', 'Cat8', 'gato', 'Savana', 'gato blanco', 'B7ZOJEpKsu0PO'),
('mas_009', 'Cat9', 'gato', 'Savana', 'gato blanco', 'B7ZOJEpKsu0PO');

-- --------------------------------------------------------

--
-- Estructura de tabla para la tabla `reserva`
--

DROP TABLE IF EXISTS `reserva`;
CREATE TABLE IF NOT EXISTS `reserva` (
  `id_reserva` varchar(80) COLLATE utf8mb4_spanish_ci NOT NULL,
  `fecha_reserva` datetime NOT NULL,
  `tipo` varchar(80) COLLATE utf8mb4_spanish_ci NOT NULL,
  `fecha_inicio` date NOT NULL,
  `fecha_final` date NOT NULL,
  `Precio_Total` double NOT NULL,
  `estado` enum('en espera','en progreso','finalizado','abandonado','cancelado') COLLATE utf8mb4_spanish_ci NOT NULL DEFAULT 'en espera',
  PRIMARY KEY (`id_reserva`),
  KEY `FK_ServicioReserva` (`tipo`)
) ENGINE=InnoDB DEFAULT CHARSET=utf8mb4 COLLATE=utf8mb4_spanish_ci;

--
-- Volcado de datos para la tabla `reserva`
--

INSERT INTO `reserva` (`id_reserva`, `fecha_reserva`, `tipo`, `fecha_inicio`, `fecha_final`, `Precio_Total`, `estado`) VALUES
('RS_60980924c5f4e1.28385791', '2021-05-09 16:09:08', 'vip', '2021-05-26', '2021-05-31', 0, 'abandonado'),
('RS_60982eadeaf4f2.14235104', '2021-05-09 18:49:17', 'normal', '2021-06-09', '2021-06-24', 0, 'finalizado'),
('RS_609849cd42c430.04164633', '2021-05-09 20:45:01', 'normal', '2021-08-01', '2021-08-19', 0, 'en progreso'),
('RS_60997856972e92.95580789', '2021-05-10 18:15:50', 'vip', '2021-05-29', '2021-05-31', 2770.2602, 'finalizado'),
('RS_60997da6331c14.98360554', '2021-05-10 18:38:30', 'supervip', '2021-07-16', '2021-09-26', 194754.9672, 'abandonado'),
('RS_60997df2430a40.09579268', '2021-05-10 18:39:46', 'supervip', '2022-03-17', '2022-04-15', 78442.9729, 'abandonado'),
('RS_609c588bf071a0.32991041', '2021-05-12 22:36:59', 'supervip', '2021-05-14', '2021-05-31', 45983.8117, 'finalizado'),
('RS_609c591c92bec7.34837882', '2021-05-12 22:39:24', 'supervip', '2021-05-14', '2021-05-31', 45983.8117, 'cancelado'),
('RS_609da3eb4f4a99.21870497', '2021-05-13 22:10:51', 'supervip', '2022-10-17', '2022-10-22', 13524.6505, 'abandonado'),
('RS_609da51646c451.48127349', '2021-05-13 22:15:50', 'normal', '2023-05-14', '2023-05-29', 9888.6015, 'abandonado'),
('RS_60ab7acce4fe76.97948863', '2021-05-24 10:07:08', 'supervip', '2024-03-13', '2024-03-15', 5409.8602, 'cancelado'),
('RS_60ac1265a66907.17063058', '2021-05-24 20:53:57', 'supervip', '2026-05-20', '2026-05-31', 29754.2311, 'en espera'),
('RS_60bd2edaac6034.02911753', '2021-06-06 20:23:54', 'normal', '2026-06-10', '2026-06-30', 1199.6, 'en espera'),
('RS_60bd45da584219.85657854', '2021-06-06 22:02:02', 'normal', '2026-06-10', '2026-06-30', 679.6, 'en espera');

-- --------------------------------------------------------

--
-- Estructura de tabla para la tabla `reserva_habitacion`
--

DROP TABLE IF EXISTS `reserva_habitacion`;
CREATE TABLE IF NOT EXISTS `reserva_habitacion` (
  `id_hab` varchar(80) COLLATE utf8mb4_spanish_ci NOT NULL,
  `id_reserva` varchar(80) COLLATE utf8mb4_spanish_ci NOT NULL,
  PRIMARY KEY (`id_hab`,`id_reserva`),
  KEY `FK_HabitacionReservaID_Reserva` (`id_reserva`),
  KEY `FK_HabitacionReservaID_Habitacion` (`id_hab`)
) ENGINE=InnoDB DEFAULT CHARSET=utf8mb4 COLLATE=utf8mb4_spanish_ci;

--
-- Volcado de datos para la tabla `reserva_habitacion`
--

INSERT INTO `reserva_habitacion` (`id_hab`, `id_reserva`) VALUES
('hab_110', 'RS_60980924c5f4e1.28385791'),
('hab_110', 'RS_60982eadeaf4f2.14235104'),
('hab_110', 'RS_609849cd42c430.04164633'),
('hab_111', 'RS_60997856972e92.95580789'),
('hab_110', 'RS_60997da6331c14.98360554'),
('hab_110', 'RS_60997df2430a40.09579268'),
('hab_110', 'RS_609c588bf071a0.32991041'),
('hab_111', 'RS_609c591c92bec7.34837882'),
('hab_110', 'RS_609da3eb4f4a99.21870497'),
('hab_110', 'RS_609da51646c451.48127349'),
('hab_110', 'RS_60ab7acce4fe76.97948863'),
('hab_110', 'RS_60ac1265a66907.17063058'),
('hab_120', 'RS_60bd2edaac6034.02911753'),
('hab_130', 'RS_60bd45da584219.85657854');

-- --------------------------------------------------------

--
-- Estructura de tabla para la tabla `reserva_mascota`
--

DROP TABLE IF EXISTS `reserva_mascota`;
CREATE TABLE IF NOT EXISTS `reserva_mascota` (
  `id_mascota` varchar(80) COLLATE utf8mb4_spanish_ci NOT NULL,
  `id_reserva` varchar(80) COLLATE utf8mb4_spanish_ci NOT NULL,
  PRIMARY KEY (`id_mascota`,`id_reserva`),
  KEY `FK_MascotaReservaID_Reserva` (`id_reserva`),
  KEY `FK_MascotaReservaID_Mascota` (`id_mascota`)
) ENGINE=InnoDB DEFAULT CHARSET=utf8mb4 COLLATE=utf8mb4_spanish_ci;

--
-- Volcado de datos para la tabla `reserva_mascota`
--

INSERT INTO `reserva_mascota` (`id_mascota`, `id_reserva`) VALUES
('mas_001', 'RS_60980924c5f4e1.28385791'),
('mas_001', 'RS_60982eadeaf4f2.14235104'),
('mas_001', 'RS_609849cd42c430.04164633'),
('mas_002', 'RS_60997856972e92.95580789'),
('mas_001', 'RS_60997da6331c14.98360554'),
('mas_002', 'RS_60997da6331c14.98360554'),
('mas_001', 'RS_60997df2430a40.09579268'),
('mas_002', 'RS_60997df2430a40.09579268'),
('mas_003', 'RS_609c588bf071a0.32991041'),
('mas_002', 'RS_609c591c92bec7.34837882'),
('mas_001', 'RS_609da3eb4f4a99.21870497'),
('mas_002', 'RS_609da3eb4f4a99.21870497'),
('mas_003', 'RS_609da3eb4f4a99.21870497'),
('mas_001', 'RS_609da51646c451.48127349'),
('mas_002', 'RS_609da51646c451.48127349'),
('mas_003', 'RS_609da51646c451.48127349'),
('mas_001', 'RS_60ab7acce4fe76.97948863'),
('mas_002', 'RS_60ab7acce4fe76.97948863'),
('mas_003', 'RS_60ab7acce4fe76.97948863'),
('mas_001', 'RS_60ac1265a66907.17063058'),
('mas_002', 'RS_60ac1265a66907.17063058'),
('mas_003', 'RS_60ac1265a66907.17063058'),
('mas_008', 'RS_60bd2edaac6034.02911753'),
('mas_009', 'RS_60bd2edaac6034.02911753'),
('mas_006', 'RS_60bd45da584219.85657854'),
('mas_007', 'RS_60bd45da584219.85657854');

-- --------------------------------------------------------

--
-- Estructura para la vista `view_reserva_mascota_info`
--
-- Restricciones para tablas volcadas
--

--
-- Filtros para la tabla `habitacion`
--
ALTER TABLE `habitacion`
  ADD CONSTRAINT `FK_HabitacionTipoHab` FOREIGN KEY (`tipo_Hab`) REFERENCES `tipo_habitacion` (`tipo_Hab`);

--
-- Filtros para la tabla `mascota`
--
ALTER TABLE `mascota`
  ADD CONSTRAINT `FK_MascotaUsuario` FOREIGN KEY (`id_usuario`) REFERENCES `usuario` (`id_usuario`);

--
-- Filtros para la tabla `reserva`
--
ALTER TABLE `reserva`
  ADD CONSTRAINT `FK_ServicioReserva` FOREIGN KEY (`tipo`) REFERENCES `tipo_servicio` (`tipo`);

--
-- Filtros para la tabla `reserva_habitacion`
--
ALTER TABLE `reserva_habitacion`
  ADD CONSTRAINT `FK_HabitacionReservaID_Habitacion` FOREIGN KEY (`id_hab`) REFERENCES `habitacion` (`id_hab`) ON DELETE NO ACTION ON UPDATE NO ACTION,
  ADD CONSTRAINT `FK_HabitacionReservaID_Reserva` FOREIGN KEY (`id_reserva`) REFERENCES `reserva` (`id_reserva`) ON DELETE NO ACTION ON UPDATE NO ACTION;

--
-- Filtros para la tabla `reserva_mascota`
--
ALTER TABLE `reserva_mascota`
  ADD CONSTRAINT `FK_MascotaReservaID_Mascota` FOREIGN KEY (`id_mascota`) REFERENCES `mascota` (`id_mascota`) ON DELETE NO ACTION ON UPDATE NO ACTION,
  ADD CONSTRAINT `FK_MascotaReservaID_Reserva` FOREIGN KEY (`id_reserva`) REFERENCES `reserva` (`id_reserva`) ON DELETE NO ACTION ON UPDATE NO ACTION;

-- --------------------------------------------------------

--
-- Estructura Stand-in para la vista `view_reservas_resumen`
-- (Véase abajo para la vista actual)
--
DROP VIEW IF EXISTS `view_reservas_resumen`;
CREATE TABLE IF NOT EXISTS `view_reservas_resumen` (
`id_reserva` varchar(80)
,`email` varchar(160)
,`tipo_reserva` varchar(80)
,`tipo_Hab` varchar(80)
,`fecha_inicio` date
,`fecha_final` date
,`Precio_Total` double
,`estado_reserva` enum('en espera','en progreso','finalizado','abandonado','cancelado')
);

-- --------------------------------------------------------

--
-- Estructura Stand-in para la vista `view_reserva_datoscompletos`
-- (Véase abajo para la vista actual)
--
DROP VIEW IF EXISTS `view_reserva_datoscompletos`;
CREATE TABLE IF NOT EXISTS `view_reserva_datoscompletos` (
`id_reserva` varchar(80)
,`id_usuario` varchar(80)
,`email` varchar(160)
,`tipo_reserva` varchar(80)
,`tipo_Hab` varchar(80)
,`habitacion` varchar(80)
,`fecha_inicio` date
,`fecha_final` date
,`Precio_Total` double
,`estado_reserva` enum('en espera','en progreso','finalizado','abandonado','cancelado')
);

-- --------------------------------------------------------

--
-- Estructura Stand-in para la vista `view_reserva_mascota_info`
-- (Véase abajo para la vista actual)
--
DROP VIEW IF EXISTS `view_reserva_mascota_info`;
CREATE TABLE IF NOT EXISTS `view_reserva_mascota_info` (
`id_reserva` varchar(80)
,`id_mascota` varchar(80)
,`nombre` varchar(80)
,`tipo` enum('gato','perro')
);

-- --------------------------------------------------------
DROP TABLE IF EXISTS `view_reserva_mascota_info`;

DROP VIEW IF EXISTS `view_reserva_mascota_info`;
CREATE ALGORITHM=UNDEFINED DEFINER=CURRENT_USER SQL SECURITY INVOKER VIEW `view_reserva_mascota_info`  AS  select `reserva_mascota`.`id_reserva` AS `id_reserva`,`mascota`.`id_mascota` AS `id_mascota`,`mascota`.`nombre` AS `nombre`,`mascota`.`tipo` AS `tipo` from (`reserva_mascota` join `mascota` on((`reserva_mascota`.`id_mascota` = `mascota`.`id_mascota`))) ;

--
-- Estructura para la vista `view_reservas_resumen`
--
DROP TABLE IF EXISTS `view_reservas_resumen`;

DROP VIEW IF EXISTS `view_reservas_resumen`;
CREATE ALGORITHM=UNDEFINED DEFINER=CURRENT_USER SQL SECURITY INVOKER VIEW `view_reservas_resumen`  AS  select `reserva`.`id_reserva` AS `id_reserva`,`usuario`.`email` AS `email`,`reserva`.`tipo` AS `tipo_reserva`,`habitacion`.`tipo_Hab` AS `tipo_Hab`,`reserva`.`fecha_inicio` AS `fecha_inicio`,`reserva`.`fecha_final` AS `fecha_final`,`reserva`.`Precio_Total` AS `Precio_Total`,`reserva`.`estado` AS `estado_reserva` from (((((`reserva` join `reserva_mascota` on((`reserva`.`id_reserva` = `reserva_mascota`.`id_reserva`))) join `reserva_habitacion` on((`reserva`.`id_reserva` = `reserva_habitacion`.`id_reserva`))) join `mascota` on((`reserva_mascota`.`id_mascota` = `mascota`.`id_mascota`))) join `usuario` on((`mascota`.`id_usuario` = `usuario`.`id_usuario`))) join `habitacion` on((`reserva_habitacion`.`id_hab` = `habitacion`.`id_hab`))) group by `reserva`.`id_reserva` order by `reserva`.`fecha_inicio` ;

-- --------------------------------------------------------

--
-- Estructura para la vista `view_reserva_datoscompletos`
--
DROP TABLE IF EXISTS `view_reserva_datoscompletos`;

DROP VIEW IF EXISTS `view_reserva_datoscompletos`;
CREATE ALGORITHM=UNDEFINED DEFINER=CURRENT_USER SQL SECURITY INVOKER VIEW `view_reserva_datoscompletos`  AS  select `reserva`.`id_reserva` AS `id_reserva`,`usuario`.`id_usuario` AS `id_usuario`,`usuario`.`email` AS `email`,`reserva`.`tipo` AS `tipo_reserva`,`habitacion`.`tipo_Hab` AS `tipo_Hab`,`habitacion`.`id_hab` AS `habitacion`,`reserva`.`fecha_inicio` AS `fecha_inicio`,`reserva`.`fecha_final` AS `fecha_final`,`reserva`.`Precio_Total` AS `Precio_Total`,`reserva`.`estado` AS `estado_reserva` from (((((`reserva` join `reserva_mascota` on((`reserva`.`id_reserva` = `reserva_mascota`.`id_reserva`))) join `reserva_habitacion` on((`reserva`.`id_reserva` = `reserva_habitacion`.`id_reserva`))) join `mascota` on((`reserva_mascota`.`id_mascota` = `mascota`.`id_mascota`))) join `usuario` on((`mascota`.`id_usuario` = `usuario`.`id_usuario`))) join `habitacion` on((`reserva_habitacion`.`id_hab` = `habitacion`.`id_hab`))) group by `reserva`.`id_reserva` order by `reserva`.`fecha_inicio` ;

-- --------------------------------------------------------
COMMIT;